Treatments,Time,PJ,BV,AC,DP,BT,DL,BH,BP,CS,EL,Comm
Inulin,0.0,0.0004973159353725,0.0113937619974636,0.0071560035335109,0.0209682149168361,0.0027325301862624,0.0339907226557096,0.0029838200937674,0.0004968112435056,0.0004942761563153,0.0033384284289419,PJ-BV-AC-DP-BT-DL-BH-BP-CS-EL
Inulin,24.0,0.0042217914165826,0.2074721920340897,0.1910998358262394,0.4691791233693758,0.0648641935865553,0.7304416356174065,0.058850144045339,0.0466875502455045,0.0063221421083038,0.0690953244089443,PJ-BV-AC-DP-BT-DL-BH-BP-CS-EL
Inulin,0.0,0.0002273234580307,0.0040006640846436,0.0068211615267382,0.0234906168320819,0.0023054230364225,0.0387258179085554,0.0043790188169966,0.0007282947245453,0.0003647473538517,0.0064092355320585,PJ-BV-AC-DP-BT-DL-BH-BP-CS-EL
Inulin,24.0,0.0023337191905135,0.0698552936837755,0.2062123795222359,0.4981601826188586,0.0479365201488498,0.8092637427242702,0.067726924480391,0.0843150277920324,0.0052593624683188,0.1155849280784211,PJ-BV-AC-DP-BT-DL-BH-BP-CS-EL
Inulin,0.0,0.0002136297598164,0.0046918778984598,0.0051918951141323,0.0199539205134145,0.0032726997915651,0.0419917521089641,0.0007377579666979,0.0016506720816586,0.0003400488689953,0.0047207458962956,PJ-BV-AC-DP-BT-DL-BH-BP-CS-EL
Inulin,24.0,0.0018870402214344,0.0811349143004164,0.2524625616948469,0.4189190126609592,0.0799117535308845,0.8441796814097994,0.0133743517183603,0.0438569894034446,0.00463005767628,0.0837686373835735,PJ-BV-AC-DP-BT-DL-BH-BP-CS-EL
Inulin,0.0,0.0001888267717175,0.0063812746116456,0.0047426138179374,0.0207095784037729,0.006319983165142,0.0333573841275912,0.0011565411625544,0.0005829527521394,0.0003655639963896,0.0071592714234928,PJ-BV-AC-DP-BT-DL-BH-BP-CS-EL
Inulin,24.0,0.0014449654661989,0.108302071167661,0.2129022242792627,0.4337160763897128,0.1127602733921624,0.6743413841894449,0.0206200074980124,0.0389575718337496,0.005278443465915,0.1246860090800518,PJ-BV-AC-DP-BT-DL-BH-BP-CS-EL
Inulin,0.0,0.0001240967595849,0.0277786045480887,0.0042605098326609,0.0160337711271179,0.0010358974870761,0.0331133399936554,0.0023446738258112,0.0001665675432926,0.0004512030998041,0.0052863357829078,PJ-BV-AC-DP-BT-DL-BH-BP-CS-EL
Inulin,24.0,0.0003147301782551,0.519875541115735,0.143990304427889,0.3775505903474048,0.0278914335440111,0.7512599933713442,0.0659177865693645,0.0022736493874,0.0066353366146183,0.1209269980803414,PJ-BV-AC-DP-BT-DL-BH-BP-CS-EL
Inulin,0.0,0.0002382499689326,0.0018958780329339,0.0084601616958431,0.0176929957219756,0.002645886948352,0.0410529745311265,0.002749020473053,0.0004317265812258,0.0003780735396472,0.0041329093562323,PJ-BV-AC-DP-BT-DL-BH-BP-CS-EL
Inulin,24.0,0.0018019602428456,0.0332753231969869,0.2682006156677556,0.3780170924490415,0.0555020317821191,0.7988896001669524,0.0479530410932088,0.0289537222693734,0.0050367686409789,0.0763344586461098,PJ-BV-AC-DP-BT-DL-BH-BP-CS-EL
Inulin,0.0,0.0003305055550479,0.0054099708892785,0.0064584213786476,0.0273926353516531,0.0020865103219655,0.0348727269412338,0.0029654005130594,0.0010934409546862,0.0003294211482593,0.0046020679597923,PJ-BV-AC-DP-BT-DL-BH-BP-CS-EL
Inulin,24.0,0.0040560055996551,0.0901914462411682,0.179276127345698,0.5087942891620387,0.0421747446118248,0.7455254583596954,0.0503889351116636,0.1151109215887378,0.0043536757005282,0.0783134131727232,PJ-BV-AC-DP-BT-DL-BH-BP-CS-EL
Inulin,0.0,0.0003844455293301,0.0076046938960168,0.0028254333490126,0.0210072249927809,0.0043897357513657,0.0382008778124637,0.0012706299895358,0.0007402271956488,0.0005036501593906,0.0058925257688989,PJ-BV-AC-DP-BT-DL-BH-BP-CS-EL
Inulin,24.0,0.0032500097921588,0.1383616279142543,0.3237828150707094,0.5315256049241142,0.1719569220005799,1.2389618593044132,0.0451829411370694,0.0306935775567545,0.007774895069683,0.1612824745029903,PJ-BV-AC-DP-BT-DL-BH-BP-CS-EL
Inulin,0.0,0.0015997841250841,0.0056452273594164,0.006567330194223,0.0201204050056269,0.0016608576656809,0.0369982938676638,0.0052325754427766,0.0003623559223503,0.0002952725710344,0.005855397846143,PJ-BV-AC-DP-BT-DL-BH-BP-CS-EL
Inulin,24.0,0.0096059307771551,0.116989209775056,0.2170559682493974,0.4568822139233391,0.050493833938484,0.8024141498749646,0.1264553703246394,0.0327065178380336,0.00400166527276,0.1121353768648886,PJ-BV-AC-DP-BT-DL-BH-BP-CS-EL
Inulin,0.0,0.0004890940853265,0.004615003662467,0.0069044464628958,0.0245283707031136,0.0041482772112477,0.0365714527298904,0.0020984365753792,0.0008309344428925,0.0005430797982519,0.0070450328681665,PJ-BV-AC-DP-BT-DL-BH-BP-CS-EL
Inulin,24.0,0.0045060119418886,0.0777255952803503,0.2556901543190218,0.4644670691497922,0.0913083807762559,0.8535983057594283,0.0346267528876785,0.0366921773963031,0.0063890729445849,0.1198131117778826,PJ-BV-AC-DP-BT-DL-BH-BP-CS-EL
Inulin,0.0,0.0,0.0,0.0,0.01,0.0,0.0,0.0,0.0,0.0,0.0,DP
Inulin,24.0,0.0,0.0,0.0,0.11476232765504368,0.0,0.0,0.0,0.0,0.0,0.0,DP
Inulin,0.0,0.003,0.0,0.0,0.003,0.0,0.0,0.003,0.003,0.003,0.0,PJ-DP-BH-BP-CS
Inulin,24.0,0.0098371944739638,0.0,0.0,0.1679226354941551,0.0,0.0,0.1624,1.0658686503719448,0.0467698193411264,0.0,PJ-DP-BH-BP-CS
Inulin,0.0,0.00375,0.00375,0.0,0.00375,0.00375,0.0,0.0,0.0,0.0,0.0,PJ-BV-DP-BT
Inulin,24.0,0.1154273766378589,0.0885102871480345,0.0,0.0579531642040702,1.4339816002230277,0.0,0.0,0.0,0.0,0.0,PJ-BV-DP-BT
Inulin,0.0,0.0,0.00375,0.0,0.00375,0.00375,0.0,0.0,0.00375,0.0,0.0,BV-DP-BT-BP
Inulin,24.0,0.0,0.031751175151506,0.0,0.0504172135956155,1.2416791930353068,0.0,0.0,0.2904825654428976,0.0,0.0,BV-DP-BT-BP
Inulin,0.0,0.00375,0.0,0.0,0.00375,0.0,0.0,0.0,0.00375,0.00375,0.0,PJ-DP-BP-CS
Inulin,24.0,0.2835326369610655,0.0,0.0,0.1772484089960392,0.0,0.0,0.0,0.593395899789221,0.1188176827644828,0.0,PJ-DP-BP-CS
Inulin,0.0,0.0021428571428571,0.0,0.0,0.0021428571428571,0.0021428571428571,0.0,0.0021428571428571,0.0021428571428571,0.0021428571428571,0.0021428571428571,PJ-DP-BT-BH-BP-CS-EL
Inulin,24.0,0.0445783068687908,0.0,0.0,0.063143036692601,1.124993708108258,0.0,0.5889442134471622,0.0064337040747009,0.0250521385292007,0.0,PJ-DP-BT-BH-BP-CS-EL
Inulin,0.0,0.001875,0.0,0.001875,0.001875,0.001875,0.001875,0.001875,0.0,0.001875,0.001875,PJ-AC-DP-BT-DL-BH-CS-EL
Inulin,24.0,0.0457935024428765,0.0,0.3457735049594652,0.1257084860647561,0.3390138798987882,1.8172001714033936,0.0047918988501528,0.0,0.0114330361345965,0.0685540734219973,PJ-AC-DP-BT-DL-BH-CS-EL
Inulin,0.0,0.0,0.001875,0.001875,0.001875,0.001875,0.001875,0.0,0.001875,0.001875,0.001875,BV-AC-DP-BT-DL-BP-CS-EL
Inulin,24.0,0.0,0.0550864526641608,0.5960042863347708,0.0707017752769382,0.2270250000719475,0.814471908172133,0.0,0.0953003047844383,0.0090962659415782,0.0729260680033749,BV-AC-DP-BT-DL-BP-CS-EL
Inulin,0.0,0.003,0.0,0.003,0.003,0.003,0.003,0.0,0.0,0.0,0.0,PJ-AC-DP-BT-DL
Inulin,24.0,0.0226632640431544,0.0,0.0480652560002115,0.0418779314118171,0.2566877803244375,1.525330271385368,0.0,0.0,0.0,0.0,PJ-AC-DP-BT-DL
Inulin,0.0,0.0015,0.0015,0.0015,0.0015,0.0015,0.0015,0.0015,0.0015,0.0015,0.0015,PJ-BV-AC-DP-BT-DL-BH-BP-CS-EL
Inulin,24.0,0.0168412310481133,0.1022513146433132,0.4267017054646254,0.0341681549744547,0.1726909474485956,0.9840224949283096,0.0028510150377514,0.007848577198183,0.0036620923101252,0.0299956879050176,PJ-BV-AC-DP-BT-DL-BH-BP-CS-EL
Inulin,0.0,0.0,0.0,0.0,0.0049999999999999,0.0,0.0049999999999999,0.0,0.0,0.0,0.0049999999999999,DP-DL-EL
Inulin,24.0,0.0,0.0,0.0,0.0532440518340885,0.0,1.2079407832585585,0.0,0.0,0.0,0.0304163823138257,DP-DL-EL
Inulin,0.0,0.0,0.0,0.003,0.003,0.003,0.003,0.0,0.0,0.003,0.0,AC-DP-BT-DL-CS
Inulin,24.0,0.0,0.0,0.0897778627398106,0.1496659300230652,0.2446056456397822,1.141725395906368,0.0,0.0,0.0091151428871549,0.0,AC-DP-BT-DL-CS
Inulin,0.0,0.0021428571428571,0.0021428571428571,0.0021428571428571,0.0021428571428571,0.0,0.0021428571428571,0.0021428571428571,0.0,0.0021428571428571,0.0,PJ-BV-AC-DP-DL-BH-CS
Inulin,24.0,0.0221488847478172,0.0661064255404049,0.3632380963270189,0.0703356396475628,0.0,1.5663877204958154,0.0034566037834863,0.0,0.0060060736931629,0.0,PJ-BV-AC-DP-DL-BH-CS
Inulin,0.0,0.0,0.0075,0.0,0.0075,0.0,0.0,0.0,0.0,0.0,0.0,BV-DP
Inulin,24.0,0.0,1.281878670504344,0.0,0.9132870824509411,0.0,0.0,0.0,0.0,0.0,0.0,BV-DP
Inulin,0.0,0.0,0.0,0.0075,0.0075,0.0,0.0,0.0,0.0,0.0,0.0,AC-DP
Inulin,24.0,0.0,0.0,0.6777487516425755,0.2433166134785057,0.0,0.0,0.0,0.0,0.0,0.0,AC-DP
Inulin,0.0,0.0,0.0,0.0,0.0075,0.0,0.0075,0.0,0.0,0.0,0.0,DP-DL
Inulin,24.0,0.0,0.0,0.0,0.0022069335239456,0.0,0.1871819156540384,0.0,0.0,0.0,0.0,DP-DL
Inulin,0.0,0.0,0.0,0.0,0.0075,0.0,0.0,0.0,0.0,0.0,0.0075,DP-EL
Inulin,24.0,0.0,0.0,0.0,0.3964269696136672,0.0,0.0,0.0,0.0,0.0,0.0255730303863327,DP-EL
Inulin,0.0,0.0,0.0,0.0,0.00375,0.0,0.0,0.00375,0.00375,0.00375,0.0,DP-BH-BP-CS
Inulin,24.0,0.0,0.0,0.0,0.4254019165476718,0.0,0.0,0.6398102927931265,0.4351100595760945,0.4201777310831072,0.0,DP-BH-BP-CS
Inulin,0.0,0.0,0.0,0.0,0.0049999999999999,0.0,0.0,0.0,0.0,0.0049999999999999,0.0049999999999999,DP-CS-EL
Inulin,24.0,0.0,0.0,0.0,0.3168866553936818,0.0,0.0,0.0,0.0,0.3778936121000122,0.0129567184190897,DP-CS-EL
Inulin,0.0,0.0,0.0,0.0,0.0075,0.0,0.0,0.0,0.0,0.0075,0.0,DP-CS
Inulin,24.0,0.0,0.0,0.0,0.3489100333915431,0.0,0.0,0.0,0.0,0.3109232999417903,0.0,DP-CS
Inulin,0.0,0.0,0.0,0.0,0.0075,0.0075,0.0,0.0,0.0,0.0,0.0,DP-BT
Inulin,24.0,0.0,0.0,0.0,0.125450935741602,1.202774658773859,0.0,0.0,0.0,0.0,0.0,DP-BT
Inulin,0.0,0.0015,0.0015,0.0015,0.0015,0.0015,0.0015,0.0015,0.0015,0.0015,0.0015,PJ-BV-AC-DP-BT-DL-BH-BP-CS-EL
Inulin,24.0,0.0211295717036919,0.0534765964803664,0.1845029562139462,0.1013265066157812,0.1877688854742828,0.8649416501130901,0.0,0.080181304619053,0.0017433448512993,0.2637291839284888,PJ-BV-AC-DP-BT-DL-BH-BP-CS-EL
Inulin,0.0,0.0025,0.0,0.0,0.0025,0.0,0.0,0.0025,0.0025,0.0025,0.0025,PJ-DP-BH-BP-CS-EL
Inulin,24.0,0.5515167034618703,0.0,0.0,0.2717036318327885,0.0,0.0,0.0866300425571417,0.0646331272386929,0.0147467315120229,0.1145697633974835,PJ-DP-BH-BP-CS-EL
Inulin,0.0,0.001875,0.0,0.001875,0.001875,0.0,0.001875,0.001875,0.001875,0.001875,0.001875,PJ-AC-DP-DL-BH-BP-CS-EL
Inulin,24.0,0.4608246746045621,0.0,0.6900783615913298,0.0602548685819469,0.0,0.1041035844448967,0.0,0.4948046921210469,0.0020155495580098,0.0919849357648743,PJ-AC-DP-DL-BH-BP-CS-EL
Inulin,0.0,0.0016666666666666,0.0016666666666666,0.0016666666666666,0.0016666666666666,0.0016666666666666,0.0016666666666666,0.0016666666666666,0.0016666666666666,0.0016666666666666,0.0,PJ-BV-AC-DP-BT-DL-BH-BP-CS
Inulin,24.0,0.0241461964737181,0.1664995516219628,0.4715707739998081,0.0117842597615656,0.1801793412120012,0.6157765717848346,0.0,0.0297789566245666,0.001797681854876,0.0,PJ-BV-AC-DP-BT-DL-BH-BP-CS
Inulin,0.0,0.0,0.0,0.001875,0.001875,0.001875,0.001875,0.001875,0.001875,0.001875,0.001875,AC-DP-BT-DL-BH-BP-CS-EL
Inulin,24.0,0.0,0.0,0.3770121644363839,0.1553986226763569,0.9035871311788908,0.0711992292643925,0.0,0.1652781737347911,0.0109005292462137,0.2780241494629709,AC-DP-BT-DL-BH-BP-CS-EL
Inulin,0.0,0.0,0.001875,0.001875,0.001875,0.0,0.001875,0.001875,0.001875,0.001875,0.001875,BV-AC-DP-DL-BH-BP-CS-EL
Inulin,24.0,0.0,0.0939635308795656,0.5845567008059227,0.1121895027613299,0.0,0.8020193357054254,0.0,0.1010246480682758,0.0020773228883172,0.0629689588911633,BV-AC-DP-DL-BH-BP-CS-EL
Inulin,0.0,0.0021428571428571,0.0,0.0021428571428571,0.0021428571428571,0.0,0.0,0.0021428571428571,0.0021428571428571,0.0021428571428571,0.0021428571428571,PJ-AC-DP-BH-BP-CS-EL
Inulin,24.0,0.077933757260763,0.0,0.5603637501089417,0.1770550066499861,0.0,0.0,0.0003629524161085,0.2366596494768156,0.0022484366605997,0.0152431140934519,PJ-AC-DP-BH-BP-CS-EL
Inulin,0.0,0.0021428571428571,0.0,0.0,0.0021428571428571,0.0,0.0021428571428571,0.0021428571428571,0.0021428571428571,0.0021428571428571,0.0021428571428571,PJ-DP-DL-BH-BP-CS-EL
Inulin,24.0,0.6474145758811626,0.0,0.0,0.2464706057705916,0.0,0.9654356665758548,0.0276108714700841,0.131948211211447,0.0194773374649431,0.1259272688115771,PJ-DP-DL-BH-BP-CS-EL
Inulin,0.0,0.0021428571428571,0.0,0.0,0.0021428571428571,0.0021428571428571,0.0,0.0021428571428571,0.0021428571428571,0.0021428571428571,0.0021428571428571,PJ-DP-BT-BH-BP-CS-EL
Inulin,24.0,0.0766819152223175,0.0,0.0,0.1560232986178989,0.7453057473049428,0.0,0.0415171296757315,0.1087112435750754,0.0141571159882769,0.052003549615757,PJ-DP-BT-BH-BP-CS-EL
Inulin,0.0,0.0025,0.0025,0.0025,0.0025,0.0025,0.0025,0.0,0.0,0.0,0.0,PJ-BV-AC-DP-BT-DL
Inulin,24.0,0.0195457724126143,0.136760489514369,0.0998240274490086,0.0030067263588283,0.1163332190600273,1.1208630985384858,0.0,0.0,0.0,0.0,PJ-BV-AC-DP-BT-DL
Laminarin,0.0,0.0022030047490201,0.0009930747428067,0.0001355836000497,0.0127646276266223,0.0253356873880143,0.0003257983084162,0.0003510513299543,8.501704991408753e-05,0.0027394145088924,0.0024567099500616,PJ-BV-AC-DP-BT-DL-BH-BP-CS-EL
Laminarin,24.0,0.0309202347012707,0.0151341388420246,0.0005104843732453,0.2592697189070092,0.7976054013339016,0.0038539557691347,0.0051963661698346,6.780976220275344e-05,0.0570272940953334,0.0601041041060762,PJ-BV-AC-DP-BT-DL-BH-BP-CS-EL
Laminarin,0.0,0.0016907471990546,0.0005370490875443,3.6129693012503726e-05,0.0144564991380275,0.030776444776743,0.0003164963075705,0.0014610000489091,4.463209430513027e-05,0.0024425380906626,0.0032674648431309,PJ-BV-AC-DP-BT-DL-BH-BP-CS-EL
Laminarin,24.0,0.0263329697964834,0.0096257429683505,0.0007325734830511,0.2969165297306662,0.872549200624447,0.0046113071023021,0.0134941230915028,0.0002080965263778,0.0546941093313086,0.089173550092137,PJ-BV-AC-DP-BT-DL-BH-BP-CS-EL
Laminarin,0.0,0.0017912498501569,0.0004765861330925,5.556190619112241e-05,0.0140711838064472,0.0233897370064713,0.0005134646458236,0.0003511921668125,0.000840865287318,0.0026340432563925,0.002788146470588,PJ-BV-AC-DP-BT-DL-BH-BP-CS-EL
Laminarin,24.0,0.0264449981712787,0.0091074351424188,0.0007960082062184,0.2862958337975796,0.8170900206046835,0.0065029875886501,0.0063192458422741,0.0013313951830022,0.0569545491845467,0.0545668900683635,PJ-BV-AC-DP-BT-DL-BH-BP-CS-EL
Laminarin,0.0,0.0021743945986229,0.0005218488113546,0.0001098776414295,0.0146422254978431,0.0227652671223136,0.0004001566754884,0.0003721259370383,4.026367051620982e-05,0.0023315267830355,0.0035234130169354,PJ-BV-AC-DP-BT-DL-BH-BP-CS-EL
Laminarin,24.0,0.0332105546887701,0.009752236879805,0.0016856894035429,0.2829264376883781,0.7588785971589292,0.0055523607106946,0.0055869897089667,0.0,0.048967135700426,0.0750875941337334,PJ-BV-AC-DP-BT-DL-BH-BP-CS-EL
Laminarin,0.0,0.0021833205582291,0.0013696162480931,9.07548278958479e-05,0.0119571244979126,0.0249567749899119,0.0002457329209166,0.0003775720895103,0.0001051577005131,0.0025211117336347,0.0043052338461704,PJ-BV-AC-DP-BT-DL-BH-BP-CS-EL
Laminarin,24.0,0.0327973969360478,0.0125252117488479,0.0013552081925366,0.2340471819274077,0.7935107307887099,0.0030864289199859,0.0052152488571039,0.0,0.0521182599539324,0.0877427232800382,PJ-BV-AC-DP-BT-DL-BH-BP-CS-EL
Laminarin,0.0,0.0012683902190273,0.000476926363013,6.553162112654307e-05,0.0131612328604217,0.0341933680044456,0.0015021863371719,0.0002975166205596,3.072166940392233e-05,0.0016270228424122,0.003033399743235,PJ-BV-AC-DP-BT-DL-BH-BP-CS-EL
Laminarin,24.0,0.019622352989838,0.0084846573126887,0.0010149064668161,0.263679031565614,0.9051137625241134,0.0165654377613552,0.0049701150578783,0.0,0.040219634068626,0.0721017069333559,PJ-BV-AC-DP-BT-DL-BH-BP-CS-EL
Laminarin,0.0,0.0032295961968556,0.0008217825912777,7.383971092417545e-05,0.0130194447941997,0.0331664084117829,0.0002412583320415,0.0003215198337254,3.725468720133908e-05,0.0030383915231763,0.0029529481481692,PJ-BV-AC-DP-BT-DL-BH-BP-CS-EL
Laminarin,24.0,0.0527403393554529,0.0140548598570102,0.0011663649809122,0.2397995533022377,0.8846013184637055,0.0034009666895331,0.0061605971548693,0.0001788704870655,0.0577680390552142,0.0732948278099018,PJ-BV-AC-DP-BT-DL-BH-BP-CS-EL
Laminarin,0.0,0.0024186710157793,0.0008422040800755,3.09486541660687e-05,0.0100565772590774,0.0300238536894703,0.0005304010975813,0.0003900336296529,0.0001166587505581,0.0024585331287392,0.0040647078867177,PJ-BV-AC-DP-BT-DL-BH-BP-CS-EL
Laminarin,24.0,0.0373296255038873,0.014908351778349,0.0003235497451159,0.2556045969862115,0.8594480457228324,0.0068927222898483,0.0080742033251999,0.0003551564712772,0.056376311572841,0.0733088636735296,PJ-BV-AC-DP-BT-DL-BH-BP-CS-EL
Laminarin,0.0,0.0052348424127566,0.0005007797538443,4.48739835831769e-05,0.0106259320346327,0.0297068763731024,0.0001315148489138,0.0002723703019556,2.8826673274603147e-05,0.0024092509696522,0.0036492974988665,PJ-BV-AC-DP-BT-DL-BH-BP-CS-EL
Laminarin,24.0,0.0721596457130556,0.0089661839430579,0.0008383821317247,0.2142792962218428,0.8206632211936096,0.0017633987315873,0.0056035834354998,5.46080520108063e-05,0.0505560596835633,0.1023266820853948,PJ-BV-AC-DP-BT-DL-BH-BP-CS-EL
Laminarin,0.0,0.0032145993816125,0.0004470111594925,7.881683841343335e-05,0.0169806251708524,0.0268253654495047,0.0003853292649558,0.0004438538544122,0.0001012216051673,0.0024795304898981,0.0045728412265022,PJ-BV-AC-DP-BT-DL-BH-BP-CS-EL
Laminarin,24.0,0.049619063746725,0.0076224159807244,0.0011459675125435,0.3225861232636945,0.8099537692021549,0.004219448366107,0.0061930184834575,0.0001814048581927,0.0512136804827105,0.0915155625896971,PJ-BV-AC-DP-BT-DL-BH-BP-CS-EL
Laminarin,0.0,0.0,0.0,0.0,0.01,0.0,0.0,0.0,0.0,0.0,0.0,DP
Laminarin,24.0,0.0,0.0,0.0,0.11738942406738948,0.0,0.0,0.0,0.0,0.0,0.0,DP
Laminarin,0.0,0.0,0.0,0.003,0.003,0.0,0.003,0.003,0.0,0.0,0.003,AC-DP-DL-BH-EL
Laminarin,24.0,0.0,0.0,0.0027106970810161,0.2860531144184716,0.0,0.1931087137968989,0.0110700593769559,0.0,0.0,0.0241933786430388,AC-DP-DL-BH-EL
Laminarin,0.0,0.0,0.0025,0.0,0.0025,0.0,0.0025,0.0025,0.0,0.0025,0.0025,BV-DP-DL-BH-CS-EL
Laminarin,24.0,0.0,0.1451497829078308,0.0,0.1902455133620993,0.0,0.1079224969806628,0.0092261159435332,0.0,0.1102646005727295,0.1439012092374005,BV-DP-DL-BH-CS-EL
Laminarin,0.0,0.00375,0.0,0.00375,0.00375,0.0,0.0,0.0,0.00375,0.0,0.0,PJ-AC-DP-BP
Laminarin,24.0,0.2278868715720585,0.0,0.0008667351310926,0.1507640698505565,0.0,0.0,0.0,0.010168274798722,0.0,0.0,PJ-AC-DP-BP
Laminarin,0.0,0.003,0.0,0.003,0.003,0.003,0.0,0.0,0.003,0.0,0.0,PJ-AC-DP-BT-BP
Laminarin,24.0,0.2303948525965557,0.0,0.0004621107254859,0.101493671913046,0.2106622680151965,0.0,0.0,0.0005460240391732,0.0,0.0,PJ-AC-DP-BT-BP
Laminarin,0.0,0.0,0.0,0.00375,0.00375,0.0,0.0,0.0,0.00375,0.00375,0.0,AC-DP-BP-CS
Laminarin,24.0,0.0,0.0,0.0026487198811813,0.1932663921444653,0.0,0.0,0.0,0.0148465444514955,0.1238028495934941,0.0,AC-DP-BP-CS
Laminarin,0.0,0.0015,0.0015,0.0015,0.0015,0.0015,0.0015,0.0015,0.0015,0.0015,0.0015,PJ-BV-AC-DP-BT-DL-BH-BP-CS-EL
Laminarin,24.0,0.1260077442201778,0.0482389795751571,0.0006248817235607,0.0372945036845088,0.2431993485744535,0.2934648400174844,0.0022694287444372,0.0007796419919651,0.0455092198738583,0.0022394316472975,PJ-BV-AC-DP-BT-DL-BH-BP-CS-EL
Laminarin,0.0,0.0,0.0,0.0,0.0049999999999999,0.0,0.0,0.0,0.0049999999999999,0.0049999999999999,0.0,DP-BP-CS
Laminarin,24.0,0.0,0.0,0.0,0.0544315119495674,0.0,0.0,0.0,0.029553023110916,0.1755500670216105,0.0,DP-BP-CS
Laminarin,0.0,0.0,0.0025,0.0025,0.0025,0.0025,0.0,0.0025,0.0025,0.0,0.0,BV-AC-DP-BT-BH-BP
Laminarin,24.0,0.0,0.026240128711478,0.0013106828289816,0.0780149337537747,0.2225078940391737,0.0,0.0142430992312694,0.0028583175426937,0.0,0.0,BV-AC-DP-BT-BH-BP
Laminarin,0.0,0.0,0.0025,0.0025,0.0025,0.0,0.0025,0.0,0.0025,0.0,0.0025,BV-AC-DP-DL-BP-EL
Laminarin,24.0,0.0,0.0822972123285082,0.0007225948791479,0.0752536713087614,0.0,0.5448545810776799,0.0,0.0131949259110431,0.0,0.0114497610969044,BV-AC-DP-DL-BP-EL
Laminarin,0.0,0.0,0.0021428571428571,0.0021428571428571,0.0021428571428571,0.0,0.0021428571428571,0.0,0.0021428571428571,0.0021428571428571,0.0021428571428571,BV-AC-DP-DL-BP-CS-EL
Laminarin,24.0,0.0,0.1425284046374869,0.0010557071605645,0.0622056064603131,0.0,0.3288138500124897,0.0,0.0045769918687572,0.0976201849850001,0.0029861436807296,BV-AC-DP-DL-BP-CS-EL
Laminarin,0.0,0.0021428571428571,0.0021428571428571,0.0021428571428571,0.0021428571428571,0.0021428571428571,0.0,0.0021428571428571,0.0021428571428571,0.0,0.0,PJ-BV-AC-DP-BT-BH-BP
Laminarin,24.0,0.0576544071599334,0.0794984033643569,0.0013880221724931,0.1556709712142418,0.0590687418507126,0.0,0.0101777686385214,0.0001095783008996,0.0,0.0,PJ-BV-AC-DP-BT-BH-BP
Laminarin,0.0,0.0,0.001875,0.0,0.001875,0.001875,0.001875,0.001875,0.001875,0.001875,0.001875,BV-DP-BT-DL-BH-BP-CS-EL
Laminarin,24.0,0.0,0.0382307484226736,0.0,0.068035127178696,0.3570305973584498,0.2050240554394198,0.0068474083124602,0.0024394790516063,0.1105362999338441,0.0030434810636962,BV-DP-BT-DL-BH-BP-CS-EL
Laminarin,0.0,0.0,0.001875,0.001875,0.001875,0.001875,0.0,0.001875,0.001875,0.001875,0.001875,BV-AC-DP-BT-BH-BP-CS-EL
Laminarin,24.0,0.0,0.0569875833386035,0.0007894103234316,0.0373990396546603,0.6019406994478831,0.0,0.0063373401310657,0.0006894443769153,0.1211197983903785,0.0001066105439793,BV-AC-DP-BT-BH-BP-CS-EL
Laminarin,0.0,0.0,0.0075,0.0,0.0075,0.0,0.0,0.0,0.0,0.0,0.0,BV-DP
Laminarin,24.0,0.0,0.1983921719726854,0.0,0.200547767175398,0.0,0.0,0.0,0.0,0.0,0.0,BV-DP
Laminarin,0.0,0.0,0.0,0.0075,0.0075,0.0,0.0,0.0,0.0,0.0,0.0,AC-DP
Laminarin,24.0,0.0,0.0,0.0116777208845202,0.3944574951515439,0.0,0.0,0.0,0.0,0.0,0.0,AC-DP
Laminarin,0.0,0.0,0.0,0.0,0.0075,0.0,0.0075,0.0,0.0,0.0,0.0,DP-DL
Laminarin,24.0,0.0,0.0,0.0,0.2326217284168836,0.0,0.2754186826949039,0.0,0.0,0.0,0.0,DP-DL
Laminarin,0.0,0.0,0.0,0.0,0.0075,0.0,0.0,0.0,0.0,0.0,0.0075,DP-EL
Laminarin,24.0,0.0,0.0,0.0,0.3702191572652863,0.0,0.0,0.0,0.0,0.0,0.0436477403204319,DP-EL
Laminarin,0.0,0.0,0.0,0.0,0.00375,0.0,0.0,0.00375,0.00375,0.00375,0.0,DP-BH-BP-CS
Laminarin,24.0,0.0,0.0,0.0,0.3243287606120691,0.0,0.0,0.0706840583625942,0.0157560731231897,0.2670644412354802,0.0,DP-BH-BP-CS
Laminarin,0.0,0.0,0.0,0.0,0.0049999999999999,0.0,0.0,0.0,0.0,0.0049999999999999,0.0049999999999999,DP-CS-EL
Laminarin,24.0,0.0,0.0,0.0,0.3496421055915976,0.0,0.0,0.0,0.0,0.2159155810127472,0.0598139957980393,DP-CS-EL
Laminarin,0.0,0.0,0.0,0.0,0.0075,0.0,0.0,0.0,0.0,0.0075,0.0,DP-CS
Laminarin,24.0,0.0,0.0,0.0,0.429981243291631,0.0,0.0,0.0,0.0,0.2008520900417023,0.0,DP-CS
Laminarin,0.0,0.0,0.0,0.0,0.0075,0.0075,0.0,0.0,0.0,0.0,0.0,DP-BT
Laminarin,24.0,0.0,0.0,0.0,0.1755788453946226,0.2505024720264432,0.0,0.0,0.0,0.0,0.0,DP-BT
Laminarin,0.0,0.0015,0.0015,0.0015,0.0015,0.0015,0.0015,0.0015,0.0015,0.0015,0.0015,PJ-BV-AC-DP-BT-DL-BH-BP-CS-EL
Laminarin,24.0,0.7535032085733985,0.1004374143453856,0.0,0.4454435992805401,0.4163841533458272,0.0552043847242383,0.0412249078232204,0.0041614536813959,0.0303405901107732,0.1130336214485538,PJ-BV-AC-DP-BT-DL-BH-BP-CS-EL
Laminarin,0.0,0.0025,0.0,0.0,0.0025,0.0,0.0,0.0025,0.0025,0.0025,0.0025,PJ-DP-BH-BP-CS-EL
Laminarin,24.0,1.1512227594821751,0.0,0.0,0.4871334100206976,0.0,0.0,0.0248892888109224,0.0311199516880988,0.0390161994736718,0.0613595525844012,PJ-DP-BH-BP-CS-EL
Laminarin,0.0,0.001875,0.0,0.001875,0.001875,0.0,0.001875,0.001875,0.001875,0.001875,0.001875,PJ-AC-DP-DL-BH-BP-CS-EL
Laminarin,24.0,0.9017703544563168,0.0,0.0007221403284777,0.6126609633430049,0.0,0.079874642083645,0.0502306754149627,0.0229020095795187,0.0453558702457152,0.1082833445483586,PJ-AC-DP-DL-BH-BP-CS-EL
Laminarin,0.0,0.0016666666666666,0.0016666666666666,0.0016666666666666,0.0016666666666666,0.0016666666666666,0.0016666666666666,0.0016666666666666,0.0016666666666666,0.0016666666666666,0.0,PJ-BV-AC-DP-BT-DL-BH-BP-CS
Laminarin,24.0,0.3701846953733336,0.1470203974266401,0.0010518281035962,0.5031664669506917,0.0628680569570362,0.0036073239920741,0.0174782415802324,0.0027795963247348,0.0555767266249938,0.0,PJ-BV-AC-DP-BT-DL-BH-BP-CS
Laminarin,0.0,0.0,0.0,0.001875,0.001875,0.001875,0.001875,0.001875,0.001875,0.001875,0.001875,AC-DP-BT-DL-BH-BP-CS-EL
Laminarin,24.0,0.0,0.0,0.0,0.4830286686169127,0.8670963739029867,0.0405967208653649,0.0432825090142186,0.0050616776651472,0.0267545819443499,0.0525794679910197,AC-DP-BT-DL-BH-BP-CS-EL
Laminarin,0.0,0.0,0.001875,0.001875,0.001875,0.0,0.001875,0.001875,0.001875,0.001875,0.001875,BV-AC-DP-DL-BH-BP-CS-EL
Laminarin,24.0,0.0,0.2363999930019975,0.0019856358108089,0.7754991956781896,0.0,0.1204965934063678,0.0446278890911328,0.0266477727272935,0.0654492170675314,0.1850270365500115,BV-AC-DP-DL-BH-BP-CS-EL
Laminarin,0.0,0.0021428571428571,0.0,0.0021428571428571,0.0021428571428571,0.0,0.0,0.0021428571428571,0.0021428571428571,0.0021428571428571,0.0021428571428571,PJ-AC-DP-BH-BP-CS-EL
Laminarin,24.0,0.6805060909540493,0.0,0.0023434675846059,0.6883222988344371,0.0,0.0,0.0581176851554908,0.0317148873864646,0.056397311387952,0.0703315920303334,PJ-AC-DP-BH-BP-CS-EL
Laminarin,0.0,0.0021428571428571,0.0,0.0,0.0021428571428571,0.0,0.0021428571428571,0.0021428571428571,0.0021428571428571,0.0021428571428571,0.0021428571428571,PJ-DP-DL-BH-BP-CS-EL
Laminarin,24.0,0.8580788510231772,0.0,0.0,0.6086507449953382,0.0,0.1454269279271576,0.0542683624626617,0.034819024936797,0.0572293686672089,0.0929267199876589,PJ-DP-DL-BH-BP-CS-EL
Laminarin,0.0,0.0021428571428571,0.0,0.0,0.0021428571428571,0.0021428571428571,0.0,0.0021428571428571,0.0021428571428571,0.0021428571428571,0.0021428571428571,PJ-DP-BT-BH-BP-CS-EL
Laminarin,24.0,0.9001106411515719,0.0,0.0,0.3399780670302494,0.5797627796034943,0.0,0.0189783455553872,0.0058130633893125,0.114704253307781,0.1145195166288702,PJ-DP-BT-BH-BP-CS-EL
Laminarin,0.0,0.0021428571428571,0.0021428571428571,0.0,0.0021428571428571,0.0,0.0,0.0021428571428571,0.0021428571428571,0.0021428571428571,0.0021428571428571,PJ-BV-DP-BH-BP-CS-EL
Laminarin,24.0,0.6906646075213392,0.2166294792981818,0.0,0.4645839280073683,0.0,0.0,0.0266902143378325,0.0201218468873715,0.0885813458676961,0.3175285780802104,PJ-BV-DP-BH-BP-CS-EL
Laminarin,0.0,0.0025,0.0025,0.0025,0.0025,0.0025,0.0025,0.0,0.0,0.0,0.0,PJ-BV-AC-DP-BT-DL
Laminarin,24.0,0.4392338843814082,0.1569179321070143,0.0011685835295576,0.4096231314978528,0.0677480463031562,0.0461084221810107,0.0,0.0,0.0,0.0,PJ-BV-AC-DP-BT-DL
No Carb,0.0,0.0003616368109206,0.000251847627994,8.294266137756942e-05,0.0197944964918955,0.0006459018445049,0.0001685546119237,0.0004673413451607,6.68480783457466e-05,0.0009554795309164,0.0035879229832517,PJ-BV-AC-DP-BT-DL-BH-BP-CS-EL
No Carb,24.0,0.0020857006652422,0.0027970517635978,0.0,0.4301706830869476,0.0103895108171195,0.002022467283813,0.0082546084312671,3.70821087435709e-05,0.0141333205773814,0.0904924417040734,PJ-BV-AC-DP-BT-DL-BH-BP-CS-EL
No Carb,0.0,0.0001635672483696,0.0002504960324868,2.347261718628579e-05,0.0149091160583223,0.0005362243085468,0.0001479907506854,0.0009023450886743,6.426072742061905e-05,0.0017195961726593,0.0078954309956482,PJ-BV-AC-DP-BT-DL-BH-BP-CS-EL
No Carb,24.0,0.001271115696162,0.0038374049629425,0.0003575654465151,0.3272104884045796,0.0086057321116614,0.0019830312264911,0.0038502265076203,0.0005922858582797,0.0278690587137974,0.1338914846162965,PJ-BV-AC-DP-BT-DL-BH-BP-CS-EL
No Carb,0.0,0.0002126894423375,0.0001326296068817,1.8436235022434237e-05,0.0189803160267506,0.0002728357451177,0.0004528007226179,0.00026494329913,0.0006751914519762,0.0010356449697999,0.00307395694481,PJ-BV-AC-DP-BT-DL-BH-BP-CS-EL
No Carb,24.0,0.0016916479427113,0.0014322713047258,0.0002458117539315,0.4040568997842149,0.0033547239806353,0.0066743360247679,0.0053824340701993,0.0021394529024934,0.0163109152018676,0.1028478706708159,PJ-BV-AC-DP-BT-DL-BH-BP-CS-EL
No Carb,0.0,0.0001542537348108,0.0001201793518118,7.076275299461794e-05,0.0163050244869089,0.0009190892320487,0.0004693602676433,0.0001999472947957,4.679527628759754e-05,0.0008615815349331,0.0083379978922832,PJ-BV-AC-DP-BT-DL-BH-BP-CS-EL
No Carb,24.0,0.0009477252920937,0.001760069320798,0.00122082018233,0.361633207758902,0.0058557110014478,0.0077609629597705,0.0033884532472382,0.0002651698159023,0.0146967125182026,0.1604762590385411,PJ-BV-AC-DP-BT-DL-BH-BP-CS-EL
No Carb,0.0,0.000153295984754,0.0009577477756463,2.1300597582829296e-05,0.016708068538321,0.0001682327657814,0.0004229960669889,0.0001620406407683,9.347351156726696e-05,0.0012163142003932,0.0083275133864518,PJ-BV-AC-DP-BT-DL-BH-BP-CS-EL
No Carb,24.0,0.0005669052090493,0.0065168527052892,0.0003458922419431,0.3723453699225816,0.0027499195395947,0.0061533012646546,0.0046357256817259,0.0094358422739098,0.0187062708033965,0.1566649953016695,PJ-BV-AC-DP-BT-DL-BH-BP-CS-EL
No Carb,0.0,0.0002095743383984,8.955367272987108e-05,1.3729034462005153e-05,0.016692691545591,0.0003006369761934,0.000872149712914,0.0003037683240177,3.617550815675856e-05,0.0005696464741948,0.0031311190750268,PJ-BV-AC-DP-BT-DL-BH-BP-CS-EL
No Carb,24.0,0.0010633554581216,0.0008313172373054,0.0001403435981496,0.3683601942296188,0.0049849761490294,0.0058377859813227,0.0052539294392018,3.338705340291597e-05,0.0083657340978198,0.1051224348563277,PJ-BV-AC-DP-BT-DL-BH-BP-CS-EL
No Carb,0.0,0.0001796944891883,0.0002553655033979,6.992206976826308e-05,0.0179202681526566,0.0004665177269549,0.0006118268252194,0.0001272181610187,8.196506910393853e-05,0.0013258911088447,0.0070188308938469,PJ-BV-AC-DP-BT-DL-BH-BP-CS-EL
No Carb,24.0,0.0015424878353291,0.0038760513081256,0.001101070961647,0.3689436658475942,0.0075042302571091,0.0097069328039014,0.0019586055269542,0.0009240435187755,0.0215865837074472,0.1208897298166416,PJ-BV-AC-DP-BT-DL-BH-BP-CS-EL
No Carb,0.0,0.0003168583695407,0.0005951547553925,2.7668824529515407e-05,0.0174366729486982,0.0005024490487457,0.0004011915753928,0.0002202958485195,9.850131762483324e-05,0.0014337863310127,0.0083024209805431,PJ-BV-AC-DP-BT-DL-BH-BP-CS-EL
No Carb,24.0,0.0026297159153491,0.0087166773300972,0.0003181231408742,0.3729610577386,0.0073390692143172,0.0053584468636701,0.0040085958643738,0.0003822023457028,0.0230329817546447,0.1459614631657037,PJ-BV-AC-DP-BT-DL-BH-BP-CS-EL
No Carb,0.0,0.0012277872272646,0.0001757914356073,2.618379927352224e-05,0.0171679785088373,0.0003459493848189,0.0005844870579598,9.059360880544028e-05,3.3340211020283945e-05,0.0011344894851797,0.0068650821029883,PJ-BV-AC-DP-BT-DL-BH-BP-CS-EL
No Carb,24.0,0.0055970033978201,0.0025993096610613,0.0003929137767177,0.3703903254070919,0.0055892144842851,0.0091756712432492,0.0012791656723237,0.0001545388715663,0.0180555815275101,0.1166582883772353,PJ-BV-AC-DP-BT-DL-BH-BP-CS-EL
No Carb,0.0,0.0003210032550324,0.0001938386722808,1.8672349845998505e-05,0.0195776538433443,0.0003445936305176,0.0002784690162288,0.0004756867063009,0.0001095069740511,0.0009183120737597,0.0042425489756077,PJ-BV-AC-DP-BT-DL-BH-BP-CS-EL
No Carb,24.0,0.0013095985861781,0.0021652602640097,0.0007831340605929,0.4113928904133583,0.0064897878096711,0.0032529805385507,0.0078499175699019,0.000316983621746,0.0126113513786732,0.1215054947986397,PJ-BV-AC-DP-BT-DL-BH-BP-CS-EL
No Carb,0.0,0.0,0.0,0.0,0.01,0.0,0.0,0.0,0.0,0.0,0.0,DP
No Carb,24.0,0.0,0.0,0.0,0.08101667477460821,0.0,0.0,0.0,0.0,0.0,0.0,DP
No Carb,0.0,0.0,0.0,0.0,0.003,0.0,0.003,0.003,0.003,0.0,0.003,DP-DL-BH-BP-EL
No Carb,24.0,0.0,0.0,0.0,0.3828998920585174,0.0,0.0697210665154807,0.0166128837883157,0.0097704085791771,0.0,0.0133724041442166,DP-DL-BH-BP-EL
No Carb,0.0,0.0,0.0,0.0,0.003,0.003,0.0,0.003,0.003,0.0,0.003,DP-BT-BH-BP-EL
No Carb,24.0,0.0,0.0,0.0,0.4477434125814762,0.2001785281204103,0.0,0.0192426621217323,0.0039223284689106,0.0,0.0949991663527655,DP-BT-BH-BP-EL
No Carb,0.0,0.0,0.0,0.0,0.0025,0.0025,0.0025,0.0025,0.0025,0.0,0.0025,DP-BT-DL-BH-BP-EL
No Carb,24.0,0.0,0.0,0.0,0.2861603959751113,0.2594495667718692,0.1135188175289236,0.0086491526051614,0.002990958165843,0.0,0.1296768024819116,DP-BT-DL-BH-BP-EL
No Carb,0.0,0.0,0.0025,0.0,0.0025,0.0025,0.0,0.0025,0.0025,0.0,0.0025,BV-DP-BT-BH-BP-EL
No Carb,24.0,0.0,0.1592529708133239,0.0,0.2539225819177887,0.134194541791139,0.0,0.0034659611565707,0.0048404772136338,0.0,0.1193117640409149,BV-DP-BT-BH-BP-EL
No Carb,0.0,0.0,0.0025,0.0,0.0025,0.0,0.0025,0.0025,0.0025,0.0,0.0025,BV-DP-DL-BH-BP-EL
No Carb,24.0,0.0,0.1301655393610533,0.0,0.3424052436361458,0.0,0.1408165607015824,0.0107154877268985,0.0080524705715277,0.0,0.0708699537503129,BV-DP-DL-BH-BP-EL
No Carb,0.0,0.0,0.0021428571428571,0.0,0.0021428571428571,0.0021428571428571,0.0021428571428571,0.0021428571428571,0.0021428571428571,0.0,0.0021428571428571,BV-DP-BT-DL-BH-BP-EL
No Carb,24.0,0.0,0.054106302746622,0.0,0.2381985382227809,0.0622867246114142,0.1894755608304066,0.0079228554466096,0.0024508406636983,0.0,0.1793840292197185,BV-DP-BT-DL-BH-BP-EL
No Carb,0.0,0.003,0.0,0.003,0.003,0.003,0.0,0.0,0.0,0.003,0.0,PJ-AC-DP-BT-CS
No Carb,24.0,0.022688802211815,0.0,0.0007775406146134,0.1891977521051869,0.0819258354376262,0.0,0.0,0.0,0.0819721074582221,0.0,PJ-AC-DP-BT-CS
No Carb,0.0,0.0,0.0025,0.0025,0.0025,0.0,0.0025,0.0025,0.0,0.0025,0.0,BV-AC-DP-DL-BH-CS
No Carb,24.0,0.0,0.0834986658511962,0.001718237201812,0.1859981421959544,0.0,0.0121226605422565,0.007135492053724,0.0,0.0670704693281022,0.0,BV-AC-DP-DL-BH-CS
No Carb,0.0,0.0015,0.0015,0.0015,0.0015,0.0015,0.0015,0.0015,0.0015,0.0015,0.0015,PJ-BV-AC-DP-BT-DL-BH-BP-CS-EL
No Carb,24.0,0.0131035464711632,0.0378704334120718,0.0002834131976982,0.281429940605977,0.0552237547979941,0.0863421781800935,0.0030114379748933,0.0056532076440629,0.060869037732289,0.1117898777388972,PJ-BV-AC-DP-BT-DL-BH-BP-CS-EL
No Carb,0.0,0.0,0.0,0.0,0.0049999999999999,0.0,0.0,0.0049999999999999,0.0049999999999999,0.0,0.0,DP-BH-BP
No Carb,24.0,0.0,0.0,0.0,0.2152611008784016,0.0,0.0,0.0028380361853119,0.0781979798295558,0.0,0.0,DP-BH-BP
No Carb,0.0,0.0,0.00375,0.00375,0.00375,0.00375,0.0,0.0,0.0,0.0,0.0,BV-AC-DP-BT
No Carb,24.0,0.0,0.0537913859928456,0.000355741673705,0.212541310660679,0.0625521474761571,0.0,0.0,0.0,0.0,0.0,BV-AC-DP-BT
No Carb,0.0,0.0025,0.0,0.0,0.0025,0.0,0.0025,0.0025,0.0025,0.0025,0.0,PJ-DP-DL-BH-BP-CS
No Carb,24.0,0.0187292341409959,0.0,0.0,0.185706045294046,0.0,0.0257745768902958,0.0034132716425179,0.0466918056739315,0.0747090770729331,0.0,PJ-DP-DL-BH-BP-CS
No Carb,0.0,0.0,0.0,0.0021428571428571,0.0021428571428571,0.0021428571428571,0.0021428571428571,0.0021428571428571,0.0,0.0021428571428571,0.0021428571428571,AC-DP-BT-DL-BH-CS-EL
No Carb,24.0,0.0,0.0,0.0003012110805784,0.3263759328218655,0.1085120909523003,0.2108558598631389,0.001475464335985,0.0,0.0439827642858957,0.051084404453202,AC-DP-BT-DL-BH-CS-EL
No Carb,0.0,0.0,0.0021428571428571,0.0021428571428571,0.0021428571428571,0.0021428571428571,0.0,0.0021428571428571,0.0021428571428571,0.0,0.0021428571428571,BV-AC-DP-BT-BH-BP-EL
No Carb,24.0,0.0,0.1007926369534471,0.0003952842852774,0.3284263539100487,0.0643182444070648,0.0,0.002767483107279,0.0106613165796334,0.0,0.119406616977452,BV-AC-DP-BT-BH-BP-EL
No Carb,0.0,0.001875,0.001875,0.001875,0.001875,0.001875,0.001875,0.001875,0.001875,0.0,0.0,PJ-BV-AC-DP-BT-DL-BH-BP
No Carb,24.0,0.0199368537871903,0.045103320897288,0.0006701644572552,0.249101223545983,0.0652912173122622,0.0221860304711154,0.0011959711233558,0.0047661474322624,0.0,0.0,PJ-BV-AC-DP-BT-DL-BH-BP
No Carb,0.0,0.0,0.0075,0.0,0.0075,0.0,0.0,0.0,0.0,0.0,0.0,BV-DP
No Carb,24.0,0.0,0.1746288433659683,0.0,0.1992044899673649,0.0,0.0,0.0,0.0,0.0,0.0,BV-DP
No Carb,0.0,0.0,0.0,0.0075,0.0075,0.0,0.0,0.0,0.0,0.0,0.0,AC-DP
No Carb,24.0,0.0,0.0,0.0152125549500925,0.3298637626470369,0.0,0.0,0.0,0.0,0.0,0.0,AC-DP
No Carb,0.0,0.0,0.0,0.0,0.0075,0.0,0.0075,0.0,0.0,0.0,0.0,DP-DL
No Carb,24.0,0.0,0.0,0.0,0.2657474088511452,0.0,0.1686222876021543,0.0,0.0,0.0,0.0,DP-DL
No Carb,0.0,0.0,0.0,0.0,0.0075,0.0,0.0,0.0,0.0,0.0,0.0075,DP-EL
No Carb,24.0,0.0,0.0,0.0,0.3579732056889017,0.0,0.0,0.0,0.0,0.0,0.0264268215887851,DP-EL
No Carb,0.0,0.0,0.0,0.0,0.00375,0.0,0.0,0.00375,0.00375,0.00375,0.0,DP-BH-BP-CS
No Carb,24.0,0.0,0.0,0.0,0.3239858086288132,0.0,0.0,0.0693438879564216,0.0144814246043966,0.2135222121437018,0.0,DP-BH-BP-CS
No Carb,0.0,0.0,0.0,0.0,0.0049999999999999,0.0,0.0,0.0,0.0,0.0049999999999999,0.0049999999999999,DP-CS-EL
No Carb,24.0,0.0,0.0,0.0,0.2057446330859422,0.0,0.0,0.0,0.0,0.3126581598635188,0.0138737089577226,DP-CS-EL
No Carb,0.0,0.0,0.0,0.0,0.0075,0.0,0.0,0.0,0.0,0.0075,0.0,DP-CS
No Carb,24.0,0.0,0.0,0.0,0.2764851295035877,0.0,0.0,0.0,0.0,0.2498482038297456,0.0,DP-CS
No Carb,0.0,0.0,0.0,0.0,0.0075,0.0075,0.0,0.0,0.0,0.0,0.0,DP-BT
No Carb,24.0,0.0,0.0,0.0,0.1949241133008639,0.1932425533658028,0.0,0.0,0.0,0.0,0.0,DP-BT
Xylan,0.0,0.0007401884647879,0.008113858765582,9.434755144581175e-05,0.0194567712789586,0.0089720295075148,0.0009890178695597,0.0022604827198219,0.0001056697958099,0.0019973401514572,0.0083262831988479,PJ-BV-AC-DP-BT-DL-BH-BP-CS-EL
Xylan,24.0,0.0105158881571055,0.1957079439422958,0.0001900815011373,0.3990700011171911,0.1931713267616945,0.0153512835213917,0.0461674085380821,0.0006841107331472,0.03436166202926,0.1878801154284639,PJ-BV-AC-DP-BT-DL-BH-BP-CS-EL
Xylan,0.0,0.0005566972812845,0.0089638096224885,7.871063504248484e-06,0.0162159058958139,0.0081952781585863,0.0011583591753207,0.0024472362180676,6.056941287593328e-05,0.0017866245863026,0.0063934576279618,PJ-BV-AC-DP-BT-DL-BH-BP-CS-EL
Xylan,24.0,0.0106559211973343,0.219932694761285,6.138965444138224e-05,0.3623708996232996,0.1788173490149056,0.0179092510813953,0.0373628568255487,0.0003946390875382,0.0315968025678881,0.1661211408616668,PJ-BV-AC-DP-BT-DL-BH-BP-CS-EL
Xylan,0.0,0.0005162354125727,0.0078360911988454,4.106894625838387e-05,0.0136912964072123,0.0063783748031239,0.0006463469665692,0.0015975037829043,0.000910620686248,0.0023348619784129,0.0125633063219179,PJ-BV-AC-DP-BT-DL-BH-BP-CS-EL
Xylan,24.0,0.0100846940784297,0.1881952010836543,0.0007965175572729,0.3009060360941559,0.1476711787277134,0.0096237058898841,0.0382962526348371,0.0063654628060094,0.0406955336327185,0.260960525896412,PJ-BV-AC-DP-BT-DL-BH-BP-CS-EL
Xylan,0.0,0.0005325662639961,0.0077328669059645,6.109019050479017e-05,0.0146046205126597,0.007300646611473,0.0010940210979277,0.0013224170845009,0.0001756442525381,0.0016583410248886,0.0118955915154062,PJ-BV-AC-DP-BT-DL-BH-BP-CS-EL
Xylan,24.0,0.0103360572253136,0.1948518128738157,0.0009578757923053,0.309488239743055,0.1565127723689843,0.0175252298845292,0.0289084991010319,0.0023905552687529,0.0303320159092463,0.2472020328306324,PJ-BV-AC-DP-BT-DL-BH-BP-CS-EL
Xylan,0.0,0.0005040334302705,0.0082409266887869,2.316204688887464e-05,0.0162210535234466,0.00606965022021,0.0010352196656464,0.0012633347303217,0.0001258554613285,0.0015817053880427,0.0108308443696802,PJ-BV-AC-DP-BT-DL-BH-BP-CS-EL
Xylan,24.0,0.0086540824048245,0.187577728259526,0.000442092341276,0.3204126032858159,0.1379264582401325,0.0165492462485408,0.0248902831747857,0.0006954883486333,0.0274587412903963,0.2689897018164477,PJ-BV-AC-DP-BT-DL-BH-BP-CS-EL
Xylan,0.0,0.0005458922927162,0.0074374924572155,1.411615972393237e-05,0.0168643982435495,0.0072336348520255,0.0023745922467869,0.0008985623936953,5.7360129555413496e-05,0.0013521140225636,0.0100906342322565,PJ-BV-AC-DP-BT-DL-BH-BP-CS-EL
Xylan,24.0,0.0094173941670816,0.1894688487668387,0.0001579821101059,0.3687428130336854,0.1600042309978354,0.0311055362549379,0.02256911050589,0.0004439743358581,0.0252847697070981,0.2189936239554849,PJ-BV-AC-DP-BT-DL-BH-BP-CS-EL
Xylan,0.0,0.0008400780699406,0.0100029736457084,4.8222650868007716e-06,0.019160354206071,0.0081387320860325,0.0013035679287512,0.0011217509649847,7.397043932041437e-05,0.0013954834266856,0.0043994106396176,PJ-BV-AC-DP-BT-DL-BH-BP-CS-EL
Xylan,24.0,0.0152615730507727,0.2336359465083471,0.0,0.3919344402531948,0.1788563755503791,0.0201130802466271,0.0296294603956637,0.0006530778695785,0.0260686537240443,0.1359056911565791,PJ-BV-AC-DP-BT-DL-BH-BP-CS-EL
Xylan,0.0,0.0008899121140492,0.0082898003616868,3.896945330566659e-05,0.0133142227621379,0.0069324142547721,0.0006161698547786,0.000963970204366,0.0001458636230142,0.0012833516509381,0.0117994310129436,PJ-BV-AC-DP-BT-DL-BH-BP-CS-EL
Xylan,24.0,0.0144749262601647,0.2045883522439039,0.0008368804889163,0.3039744703871305,0.15268250183877,0.0086339655586921,0.0265515545925012,0.0010128742514569,0.0212948439507058,0.263298626114907,PJ-BV-AC-DP-BT-DL-BH-BP-CS-EL
Xylan,0.0,0.0019008294099807,0.0105163613170868,2.4439520333680902e-06,0.0157500819620622,0.0071336857202225,0.0007408000835872,0.0007291934559693,7.29979988589694e-05,0.0016579008457941,0.0056175802544043,PJ-BV-AC-DP-BT-DL-BH-BP-CS-EL
Xylan,24.0,0.0174141105033274,0.2449948148788908,0.0,0.3379672747911743,0.1609573593431712,0.0114252726616927,0.0202847814941101,0.0007091567200125,0.0283093234987896,0.1507379061088309,PJ-BV-AC-DP-BT-DL-BH-BP-CS-EL
Xylan,0.0,0.0007213141531793,0.0076363463326016,2.0352654452759636e-05,0.0175213210996958,0.0059392918203926,0.0007377410051264,0.0019992573162016,0.0001586174799602,0.0017338066185374,0.0089176067608547,PJ-BV-AC-DP-BT-DL-BH-BP-CS-EL
Xylan,24.0,0.0111432373464474,0.1862850942129755,0.0002741000698563,0.3693816664038832,0.1414061687452385,0.0105125108580116,0.041141954189787,0.0012915883751707,0.0300766200728852,0.1991229804091254,PJ-BV-AC-DP-BT-DL-BH-BP-CS-EL
Xylan,0.0,0.0,0.0,0.0,0.01,0.0,0.0,0.0,0.0,0.0,0.0,DP
Xylan,24.0,0.0,0.0,0.0,0.1597691522835931,0.0,0.0,0.0,0.0,0.0,0.0,DP
Xylan,0.0,0.00375,0.0,0.00375,0.00375,0.0,0.0,0.0,0.00375,0.0,0.0,PJ-AC-DP-BP
Xylan,24.0,0.193615213013168,0.0,0.0144086444616576,0.1623889078233927,0.0,0.0,0.0,0.0198478698683191,0.0,0.0,PJ-AC-DP-BP
Xylan,0.0,0.0,0.0,0.00375,0.00375,0.0,0.0,0.0,0.00375,0.00375,0.0,AC-DP-BP-CS
Xylan,24.0,0.0,0.0,0.0088957096109562,0.221739061931887,0.0,0.0,0.0,0.0490542964489152,0.1878472609380681,0.0,AC-DP-BP-CS
Xylan,0.0,0.0,0.0,0.00375,0.00375,0.0,0.0,0.00375,0.0,0.00375,0.0,AC-DP-BH-CS
Xylan,24.0,0.0,0.0,0.0071648573876047,0.3492861244426072,0.0,0.0,0.0330171375353405,0.0,0.1944578735618302,0.0,AC-DP-BH-CS
Xylan,0.0,0.0,0.0025,0.0,0.0025,0.0025,0.0025,0.0,0.0025,0.0025,0.0,BV-DP-BT-DL-BP-CS
Xylan,24.0,0.0,0.1209916997620412,0.0,0.223127944258355,0.1993274195350574,0.0452880766265206,0.0,0.003989946298352,0.127161245353519,0.0,BV-DP-BT-DL-BP-CS
Xylan,0.0,0.0025,0.0025,0.0,0.0025,0.0,0.0,0.0,0.0025,0.0025,0.0025,PJ-BV-DP-BP-CS-EL
Xylan,24.0,0.1113579063239584,0.2826347955308492,0.0,0.1941781275799438,0.0,0.0,0.0,0.018178810061093,0.2134232924211569,0.0886090043480653,PJ-BV-DP-BP-CS-EL
Xylan,0.0,0.0,0.0,0.003,0.003,0.0,0.0,0.003,0.003,0.003,0.0,AC-DP-BH-BP-CS
Xylan,24.0,0.0,0.0,0.0069169836856042,0.2913629152196133,0.0,0.0,0.0499068130556849,0.0185127541295942,0.2345589284834644,0.0,AC-DP-BH-BP-CS
Xylan,0.0,0.0,0.0,0.00375,0.00375,0.0,0.0,0.00375,0.00375,0.0,0.0,AC-DP-BH-BP
Xylan,24.0,0.0,0.0,0.0204499537770734,0.3929120179609086,0.0,0.0,0.1065408478605388,0.0211501716851558,0.0,0.0,AC-DP-BH-BP
Xylan,0.0,0.0015,0.0015,0.0015,0.0015,0.0015,0.0015,0.0015,0.0015,0.0015,0.0015,PJ-BV-AC-DP-BT-DL-BH-BP-CS-EL
Xylan,24.0,0.021540806845429,0.091140846883101,0.0002293376079211,0.294974685373552,0.2703712687668231,0.1969222521987953,0.0022170986304207,0.0057365014865688,0.0526193013443103,0.0670380159944815,PJ-BV-AC-DP-BT-DL-BH-BP-CS-EL
Xylan,0.0,0.0049999999999999,0.0,0.0,0.0049999999999999,0.0049999999999999,0.0,0.0,0.0,0.0,0.0,PJ-DP-BT
Xylan,24.0,0.0423738353627299,0.0,0.0,0.19234495105332,0.272647989909633,0.0,0.0,0.0,0.0,0.0,PJ-DP-BT
Xylan,0.0,0.0,0.0,0.0,0.00375,0.0,0.00375,0.00375,0.0,0.00375,0.0,DP-DL-BH-CS
Xylan,24.0,0.0,0.0,0.0,0.3431471885610895,0.0,0.1057828079128807,0.0063213692366617,0.0,0.0629556582553573,0.0,DP-DL-BH-CS
Xylan,0.0,0.003,0.0,0.003,0.003,0.0,0.003,0.0,0.0,0.003,0.0,PJ-AC-DP-DL-CS
Xylan,24.0,0.0880669428334714,0.0,0.002456338028169,0.2079217895608948,0.0,0.0776636288318144,0.0,0.0,0.0580851698425849,0.0,PJ-AC-DP-DL-CS
Xylan,0.0,0.0,0.0025,0.0,0.0025,0.0025,0.0025,0.0025,0.0,0.0,0.0025,BV-DP-BT-DL-BH-EL
Xylan,24.0,0.0,0.0851368920375869,0.0,0.2532577460093809,0.3159712892957995,0.2165641620728279,0.0027148324769383,0.0,0.0,0.1660171290651101,BV-DP-BT-DL-BH-EL
Xylan,0.0,0.0,0.0021428571428571,0.0021428571428571,0.0021428571428571,0.0021428571428571,0.0021428571428571,0.0,0.0021428571428571,0.0,0.0021428571428571,BV-AC-DP-BT-DL-BP-EL
Xylan,24.0,0.0,0.1005359360089507,0.0004864660496815,0.2041786275542007,0.2404321561321446,0.2392262640304609,0.0,0.0078877813971148,0.0,0.0848128245827528,BV-AC-DP-BT-DL-BP-EL
Xylan,0.0,0.0,0.0021428571428571,0.0021428571428571,0.0021428571428571,0.0021428571428571,0.0,0.0021428571428571,0.0,0.0021428571428571,0.0021428571428571,BV-AC-DP-BT-BH-CS-EL
Xylan,24.0,0.0,0.1213515122067589,0.000389132048073,0.3263962071818686,0.2884458414497501,0.0,0.0024722926217214,0.0,0.1608978291585113,0.0812780203854969,BV-AC-DP-BT-BH-CS-EL
Xylan,0.0,0.001875,0.001875,0.001875,0.001875,0.001875,0.001875,0.0,0.0,0.001875,0.001875,PJ-BV-AC-DP-BT-DL-CS-EL
Xylan,24.0,0.0295556340158119,0.115906730961311,0.0003682340332038,0.2078298759006182,0.2397242746851864,0.2080640725400672,0.0,0.0,0.0517802485508588,0.0891805630086496,PJ-BV-AC-DP-BT-DL-CS-EL
Xylan,0.0,0.001875,0.001875,0.001875,0.001875,0.0,0.001875,0.0,0.001875,0.001875,0.001875,PJ-BV-AC-DP-DL-BP-CS-EL
Xylan,24.0,0.0358778324001982,0.2359475137848268,0.0007951354964096,0.2143264639925113,0.0,0.2281281658064664,0.0,0.0349218308345575,0.075819194382516,0.1012333403239279,PJ-BV-AC-DP-DL-BP-CS-EL
Xylan,0.0,0.0,0.0075,0.0,0.0075,0.0,0.0,0.0,0.0,0.0,0.0,BV-DP
Xylan,24.0,0.0,0.33732495984036,0.0,0.2562345497686526,0.0,0.0,0.0,0.0,0.0,0.0,BV-DP
Xylan,0.0,0.0,0.0,0.0075,0.0075,0.0,0.0,0.0,0.0,0.0,0.0,AC-DP
Xylan,24.0,0.0,0.0,0.0210374558303886,0.465583038869258,0.0,0.0,0.0,0.0,0.0,0.0,AC-DP
Xylan,0.0,0.0,0.0,0.0,0.0075,0.0,0.0075,0.0,0.0,0.0,0.0,DP-DL
Xylan,24.0,0.0,0.0,0.0,0.3013534102917567,0.0,0.3620478720447389,0.0,0.0,0.0,0.0,DP-DL
Xylan,0.0,0.0,0.0,0.0,0.0075,0.0,0.0,0.0,0.0,0.0,0.0075,DP-EL
Xylan,24.0,0.0,0.0,0.0,0.4905268019092363,0.0,0.0,0.0,0.0,0.0,0.1101673874611312,DP-EL
Xylan,0.0,0.0,0.0,0.0,0.00375,0.0,0.0,0.00375,0.00375,0.00375,0.0,DP-BH-BP-CS
Xylan,24.0,0.0,0.0,0.0,0.3260621081414863,0.0,0.0,0.3468083009814069,0.0181533443738961,0.1348095798365438,0.0,DP-BH-BP-CS
Xylan,0.0,0.0,0.0,0.0,0.0049999999999999,0.0,0.0,0.0,0.0,0.0049999999999999,0.0049999999999999,DP-CS-EL
Xylan,24.0,0.0,0.0,0.0,0.2905330468430457,0.0,0.0,0.0,0.0,0.4641192870183812,0.034597666138573,DP-CS-EL
Xylan,0.0,0.0,0.0,0.0,0.0075,0.0,0.0,0.0,0.0,0.0075,0.0,DP-CS
Xylan,24.0,0.0,0.0,0.0,0.2883579487179487,0.0,0.0,0.0,0.0,0.3826420512820513,0.0,DP-CS
Xylan,0.0,0.0,0.0,0.0,0.0075,0.0075,0.0,0.0,0.0,0.0,0.0,DP-BT
Xylan,24.0,0.0,0.0,0.0,0.1928002136271944,0.3923664530394721,0.0,0.0,0.0,0.0,0.0,DP-BT
Xylan,0.0,0.0015,0.0015,0.0015,0.0015,0.0015,0.0015,0.0015,0.0015,0.0015,0.0015,PJ-BV-AC-DP-BT-DL-BH-BP-CS-EL
Xylan,24.0,0.0,0.0738935391887032,0.4390884843312088,0.0230679121076466,0.0001642574866075,0.0666833618947225,0.0014356745390137,0.3236018934904607,0.0017214236723757,0.0157434532892609,PJ-BV-AC-DP-BT-DL-BH-BP-CS-EL
Xylan,0.0,0.0025,0.0,0.0,0.0025,0.0,0.0,0.0025,0.0025,0.0025,0.0025,PJ-DP-BH-BP-CS-EL
Xylan,24.0,0.053232333599715,0.0,0.0,0.3501883969921338,0.0,0.0,0.0637042234332425,0.1146260420176967,0.0063913778993077,0.0737576260579043,PJ-DP-BH-BP-CS-EL
Xylan,0.0,0.001875,0.0,0.001875,0.001875,0.0,0.001875,0.001875,0.001875,0.001875,0.001875,PJ-AC-DP-DL-BH-BP-CS-EL
Xylan,24.0,0.0364599477806788,0.0,0.0047745169712793,0.4162510704960836,0.0,0.0672772845953002,0.0251747258485639,0.0494813577023498,0.0082468929503916,0.2235342036553525,PJ-AC-DP-DL-BH-BP-CS-EL
Xylan,0.0,0.0016666666666666,0.0016666666666666,0.0016666666666666,0.0016666666666666,0.0016666666666666,0.0016666666666666,0.0016666666666666,0.0016666666666666,0.0016666666666666,0.0,PJ-BV-AC-DP-BT-DL-BH-BP-CS
Xylan,24.0,0.0214163241203816,0.11897138229118,0.0038558150092319,0.3227720187498828,0.1451488733389988,0.0299570375459435,0.0136393141659025,0.0063682381992073,0.003711448690473,0.0,PJ-BV-AC-DP-BT-DL-BH-BP-CS
Xylan,0.0,0.0,0.001875,0.001875,0.001875,0.0,0.001875,0.001875,0.001875,0.001875,0.001875,BV-AC-DP-DL-BH-BP-CS-EL
Xylan,24.0,0.0,0.2591249555772894,0.000851811226217,0.305086350946971,0.0,0.06848732169104,0.028421909411587,0.0184896642360991,0.0061357011169306,0.2262689524605322,BV-AC-DP-DL-BH-BP-CS-EL
Xylan,0.0,0.0021428571428571,0.0,0.0021428571428571,0.0021428571428571,0.0,0.0,0.0021428571428571,0.0021428571428571,0.0021428571428571,0.0021428571428571,PJ-AC-DP-BH-BP-CS-EL
Xylan,24.0,0.0680870283445352,0.0,0.0018326693881753,0.4793483602278202,0.0,0.0,0.0173773842384395,0.0535632261208144,0.0083483274358627,0.1076430042443524,PJ-AC-DP-BH-BP-CS-EL
Xylan,0.0,0.0021428571428571,0.0,0.0,0.0021428571428571,0.0,0.0021428571428571,0.0021428571428571,0.0021428571428571,0.0021428571428571,0.0021428571428571,PJ-DP-DL-BH-BP-CS-EL
Xylan,24.0,0.0595225804018027,0.0,0.0,0.3868231215655884,0.0,0.0846772152785957,0.0266561805073697,0.0508677409731404,0.0066373974566429,0.1891490971501932,PJ-DP-DL-BH-BP-CS-EL
Xylan,0.0,0.0025,0.0025,0.0025,0.0025,0.0025,0.0025,0.0,0.0,0.0,0.0,PJ-BV-AC-DP-BT-DL
Xylan,24.0,0.0247715236917486,0.3943651330807081,0.004751784768825,0.2854822565943378,0.1254305254578768,0.0507987764065034,0.0,0.0,0.0,0.0,PJ-BV-AC-DP-BT-DL
